{"mean":{"confidence_interval":{"confidence_level":0.95,"lower_bound":33157292.341875,"upper_bound":33270702.400875},"point_estimate":33210044.905,"standard_error":29148.003401490496},"median":{"confidence_interval":{"confidence_level":0.95,"lower_bound":33092165.5,"upper_bound":33137233.5},"point_estimate":33105761.0,"standard_error":13357.745336140186},"median_abs_dev":{"confidence_interval":{"confidence_level":0.95,"lower_bound":61574.0540980921,"upper_bound":122969.80701684952},"point_estimate":83309.88707095385,"standard_error":16262.63940376635},"slope":null,"std_dev":{"confidence_interval":{"confidence_level":0.95,"lower_bound":187844.12265604315,"upper_bound":382032.6563877129},"point_estimate":294072.3994076497,"standard_error":49764.57705159115}}