{"mean":{"confidence_interval":{"confidence_level":0.95,"lower_bound":47441956.70375,"upper_bound":47692014.532875},"point_estimate":47560493.235,"standard_error":63779.235305432485},"median":{"confidence_interval":{"confidence_level":0.95,"lower_bound":47272756.5,"upper_bound":47433349.75},"point_estimate":47345358.5,"standard_error":39945.52734417212},"median_abs_dev":{"confidence_interval":{"confidence_level":0.95,"lower_bound":234493.2009369135,"upper_bound":481185.97575724125},"point_estimate":343101.80330872536,"standard_error":67814.00364190209},"slope":null,"std_dev":{"confidence_interval":{"confidence_level":0.95,"lower_bound":475240.70431887207,"upper_bound":794682.5343980787},"point_estimate":643003.3930562387,"standard_error":81926.09611897625}}