{"mean":{"confidence_interval":{"confidence_level":0.95,"lower_bound":55031761997.7925,"upper_bound":62824801165.66},"point_estimate":58922831629.0,"standard_error":1992794559.8021219},"median":{"confidence_interval":{"confidence_level":0.95,"lower_bound":53379613657.0,"upper_bound":64708493805.0},"point_estimate":59021860550.0,"standard_error":2523178755.378857},"median_abs_dev":{"confidence_interval":{"confidence_level":0.95,"lower_bound":1412826328.1493187,"upper_bound":11288231942.178423},"point_estimate":6520759622.162175,"standard_error":2752656694.912443},"slope":null,"std_dev":{"confidence_interval":{"confidence_level":0.95,"lower_bound":3652799986.6961346,"upper_bound":8483851068.277018},"point_estimate":6675905238.890943,"standard_error":1236576102.9575045}}