{"mean":{"confidence_interval":{"confidence_level":0.95,"lower_bound":20487742.081027776,"upper_bound":21075368.95001984},"point_estimate":20707261.80865079,"standard_error":167150.79240578203},"median":{"confidence_interval":{"confidence_level":0.95,"lower_bound":20465455.633333333,"upper_bound":20677378.007142857},"point_estimate":20521663.32777778,"standard_error":58309.55095912982},"median_abs_dev":{"confidence_interval":{"confidence_level":0.95,"lower_bound":6157.682470680388,"upper_bound":241838.74250650406},"point_estimate":70266.82087917761,"standard_error":71221.35144315791},"slope":{"confidence_interval":{"confidence_level":0.95,"lower_bound":20504556.05719618,"upper_bound":20679554.343243245},"point_estimate":20571439.10909091,"standard_error":44739.99855974781},"std_dev":{"confidence_interval":{"confidence_level":0.95,"lower_bound":48211.07769401951,"upper_bound":855613.8433600803},"point_estimate":558303.6474413016,"standard_error":272731.97862802434}}