{"mean":{"confidence_interval":{"confidence_level":0.95,"lower_bound":20437291.62941667,"upper_bound":20526347.17766667},"point_estimate":20478621.16666667,"standard_error":22766.92049141063},"median":{"confidence_interval":{"confidence_level":0.95,"lower_bound":20386693.0,"upper_bound":20440716.0},"point_estimate":20411934.833333336,"standard_error":14404.934934483714},"median_abs_dev":{"confidence_interval":{"confidence_level":0.95,"lower_bound":70765.9793436472,"upper_bound":126045.95486224066},"point_estimate":93617.53983795551,"standard_error":14574.062766966594},"slope":null,"std_dev":{"confidence_interval":{"confidence_level":0.95,"lower_bound":148740.1008749673,"upper_bound":298454.68566237943},"point_estimate":228648.49916788717,"standard_error":38444.99235277158}}