{"mean":{"confidence_interval":{"confidence_level":0.95,"lower_bound":41282557.037,"upper_bound":41468646.18525},"point_estimate":41369453.17,"standard_error":47579.98584832621},"median":{"confidence_interval":{"confidence_level":0.95,"lower_bound":41168802.5,"upper_bound":41292828.0},"point_estimate":41215187.0,"standard_error":27859.72497958717},"median_abs_dev":{"confidence_interval":{"confidence_level":0.95,"lower_bound":155204.4956445694,"upper_bound":293013.0805567279},"point_estimate":203689.59193378687,"standard_error":35796.81161560028},"slope":null,"std_dev":{"confidence_interval":{"confidence_level":0.95,"lower_bound":319907.0364475141,"upper_bound":624817.4335412313},"point_estimate":481272.73027452943,"standard_error":77995.03025598197}}