{"mean":{"confidence_interval":{"confidence_level":0.95,"lower_bound":9565071.76175,"upper_bound":9978467.325375004},"point_estimate":9755032.961666666,"standard_error":105908.21538003601},"median":{"confidence_interval":{"confidence_level":0.95,"lower_bound":9223781.166666666,"upper_bound":9682214.333333334},"point_estimate":9302811.666666666,"standard_error":156895.3848188208},"median_abs_dev":{"confidence_interval":{"confidence_level":0.95,"lower_bound":53547.31034934428,"upper_bound":676572.0194384451},"point_estimate":191671.8836471429,"standard_error":203508.0703245923},"slope":null,"std_dev":{"confidence_interval":{"confidence_level":0.95,"lower_bound":661278.2449935974,"upper_bound":1425172.7423844957},"point_estimate":1066514.4020822605,"standard_error":196619.04227872338}}