{"mean":{"confidence_interval":{"confidence_level":0.95,"lower_bound":73472709.50125,"upper_bound":73904475.91399999},"point_estimate":73679357.6,"standard_error":110225.89499714467},"median":{"confidence_interval":{"confidence_level":0.95,"lower_bound":73100054.0,"upper_bound":73429544.0},"point_estimate":73307713.5,"standard_error":71309.74778084822},"median_abs_dev":{"confidence_interval":{"confidence_level":0.95,"lower_bound":385324.7679591179,"upper_bound":845407.1006385224},"point_estimate":562056.6152215004,"standard_error":115464.9683500902},"slope":null,"std_dev":{"confidence_interval":{"confidence_level":0.95,"lower_bound":827571.6275804809,"upper_bound":1347614.9017687368},"point_estimate":1107062.6601680978,"standard_error":132724.4667322177}}