{"mean":{"confidence_interval":{"confidence_level":0.95,"lower_bound":63772434.240499996,"upper_bound":64237799.33925},"point_estimate":63993382.71,"standard_error":118900.15598743076},"median":{"confidence_interval":{"confidence_level":0.95,"lower_bound":63466371.0,"upper_bound":63742915.5},"point_estimate":63602828.0,"standard_error":60427.26055740128},"median_abs_dev":{"confidence_interval":{"confidence_level":0.95,"lower_bound":410678.2282640042,"upper_bound":733990.768969059},"point_estimate":524521.6316878796,"standard_error":85128.52679976926},"slope":null,"std_dev":{"confidence_interval":{"confidence_level":0.95,"lower_bound":864472.0387285474,"upper_bound":1488695.4405792},"point_estimate":1198283.7707203177,"standard_error":159976.43628804016}}