{"mean":{"confidence_interval":{"confidence_level":0.95,"lower_bound":25780132.341874998,"upper_bound":25960663.794125},"point_estimate":25863720.545,"standard_error":46278.129349813426},"median":{"confidence_interval":{"confidence_level":0.95,"lower_bound":25670307.0,"upper_bound":25764983.0},"point_estimate":25723662.75,"standard_error":21618.362019742588},"median_abs_dev":{"confidence_interval":{"confidence_level":0.95,"lower_bound":148903.07510644197,"upper_bound":268907.6821759343},"point_estimate":206391.25973582268,"standard_error":30739.990145512897},"slope":null,"std_dev":{"confidence_interval":{"confidence_level":0.95,"lower_bound":305280.2040268357,"upper_bound":608999.4634258923},"point_estimate":463790.71167056524,"standard_error":78443.84353346274}}