{"mean":{"confidence_interval":{"confidence_level":0.95,"lower_bound":11709108.203799998,"upper_bound":11932065.454249993},"point_estimate":11810302.927999996,"standard_error":57074.36648622017},"median":{"confidence_interval":{"confidence_level":0.95,"lower_bound":11579900.6,"upper_bound":11633530.0},"point_estimate":11607727.2,"standard_error":13669.019394388863},"median_abs_dev":{"confidence_interval":{"confidence_level":0.95,"lower_bound":77394.09078597967,"upper_bound":144567.58213341236},"point_estimate":109875.3357893234,"standard_error":17279.76263768289},"slope":null,"std_dev":{"confidence_interval":{"confidence_level":0.95,"lower_bound":320109.6448197586,"upper_bound":806818.1619934711},"point_estimate":576415.6907183176,"standard_error":126834.08243849856}}