{"mean":{"confidence_interval":{"confidence_level":0.95,"lower_bound":382464285.26874995,"upper_bound":401594790.1},"point_estimate":391473439.45,"standard_error":4915845.1017501475},"median":{"confidence_interval":{"confidence_level":0.95,"lower_bound":378243346.0,"upper_bound":402831385.75},"point_estimate":385794445.5,"standard_error":7887277.576256195},"median_abs_dev":{"confidence_interval":{"confidence_level":0.95,"lower_bound":2202712.1242940426,"upper_bound":31744826.106266677},"point_estimate":15697364.512816072,"standard_error":7227568.350141795},"slope":null,"std_dev":{"confidence_interval":{"confidence_level":0.95,"lower_bound":8817973.435323905,"upper_bound":21482953.190138318},"point_estimate":16533680.960964141,"standard_error":3461832.664614871}}