{"mean":{"confidence_interval":{"confidence_level":0.95,"lower_bound":20540895.640750002,"upper_bound":20633374.87741666},"point_estimate":20584165.21,"standard_error":23675.08788281343},"median":{"confidence_interval":{"confidence_level":0.95,"lower_bound":20476085.833333336,"upper_bound":20518864.666666668},"point_estimate":20501498.166666664,"standard_error":12495.981180105884},"median_abs_dev":{"confidence_interval":{"confidence_level":0.95,"lower_bound":50921.625795956745,"upper_bound":99641.58445351257},"point_estimate":68961.40807568842,"standard_error":12688.974462863798},"slope":null,"std_dev":{"confidence_interval":{"confidence_level":0.95,"lower_bound":165153.5913345553,"upper_bound":299159.3534728113},"point_estimate":237472.91968258045,"standard_error":34295.490361618125}}