{"mean":{"confidence_interval":{"confidence_level":0.95,"lower_bound":33901620.47775,"upper_bound":34194048.041375},"point_estimate":34029414.255,"standard_error":75521.0873914349},"median":{"confidence_interval":{"confidence_level":0.95,"lower_bound":33798202.5,"upper_bound":33908211.0},"point_estimate":33844654.0,"standard_error":27938.199727218456},"median_abs_dev":{"confidence_interval":{"confidence_level":0.95,"lower_bound":150247.79328256845,"upper_bound":260963.54086697102},"point_estimate":185757.17460215092,"standard_error":27599.686689117505},"slope":null,"std_dev":{"confidence_interval":{"confidence_level":0.95,"lower_bound":363637.4231980289,"upper_bound":1145488.459465351},"point_estimate":759079.7003368769,"standard_error":227585.4820561198}}