{"mean":{"confidence_interval":{"confidence_level":0.95,"lower_bound":2084323.5915520836,"upper_bound":2087869.6261770837},"point_estimate":2085975.860416666,"standard_error":906.7558727845044},"median":{"confidence_interval":{"confidence_level":0.95,"lower_bound":2082265.9583333333,"upper_bound":2083528.625},"point_estimate":2082967.75,"standard_error":317.73803649946785},"median_abs_dev":{"confidence_interval":{"confidence_level":0.95,"lower_bound":1725.1286193727296,"upper_bound":3033.306883648038},"point_estimate":2307.0491090417486,"standard_error":320.2714153453562},"slope":null,"std_dev":{"confidence_interval":{"confidence_level":0.95,"lower_bound":6095.128538700664,"upper_bound":11756.94803250742},"point_estimate":9105.903130538683,"standard_error":1442.848373713626}}