{"mean":{"confidence_interval":{"confidence_level":0.95,"lower_bound":44995659.820625,"upper_bound":45526483.916875005},"point_estimate":45224535.745,"standard_error":136742.05140857428},"median":{"confidence_interval":{"confidence_level":0.95,"lower_bound":44783744.0,"upper_bound":44885201.5},"point_estimate":44843668.0,"standard_error":29638.597303909144},"median_abs_dev":{"confidence_interval":{"confidence_level":0.95,"lower_bound":174964.94021125138,"upper_bound":368522.83310741186},"point_estimate":287571.76259458065,"standard_error":48874.34749287671},"slope":null,"std_dev":{"confidence_interval":{"confidence_level":0.95,"lower_bound":544599.5287978882,"upper_bound":2101972.255011835},"point_estimate":1371345.3622858308,"standard_error":418410.89428318717}}