{"mean":{"confidence_interval":{"confidence_level":0.95,"lower_bound":3207257.5089218747,"upper_bound":3216532.396203125},"point_estimate":3211212.339375,"standard_error":2402.3852467095385},"median":{"confidence_interval":{"confidence_level":0.95,"lower_bound":3205386.0,"upper_bound":3206692.1875},"point_estimate":3206087.59375,"standard_error":315.2139383624134},"median_abs_dev":{"confidence_interval":{"confidence_level":0.95,"lower_bound":1884.334760452621,"upper_bound":3023.762646317482},"point_estimate":2497.8103056550026,"standard_error":270.16299717130886},"slope":null,"std_dev":{"confidence_interval":{"confidence_level":0.95,"lower_bound":6039.5231557057405,"upper_bound":36432.03113210896},"point_estimate":24156.963765861,"standard_error":7953.668995764539}}