{"mean":{"confidence_interval":{"confidence_level":0.95,"lower_bound":15347003.5350625,"upper_bound":15428917.640687501},"point_estimate":15380066.9725,"standard_error":21439.787229702462},"median":{"confidence_interval":{"confidence_level":0.95,"lower_bound":15326177.0,"upper_bound":15335989.875},"point_estimate":15328317.375,"standard_error":2835.3237896410606},"median_abs_dev":{"confidence_interval":{"confidence_level":0.95,"lower_bound":21139.65172469616,"upper_bound":40039.83618915081},"point_estimate":27116.9388435781,"standard_error":5463.046733117103},"slope":null,"std_dev":{"confidence_interval":{"confidence_level":0.95,"lower_bound":69364.30448143453,"upper_bound":346242.4118729896},"point_estimate":214999.9565423755,"standard_error":85803.63959018365}}