{"mean":{"confidence_interval":{"confidence_level":0.95,"lower_bound":6237970096.1,"upper_bound":6873733657.3},"point_estimate":6544289111.1,"standard_error":163255413.3669935},"median":{"confidence_interval":{"confidence_level":0.95,"lower_bound":6067460473.0,"upper_bound":7029851228.5},"point_estimate":6282027138.5,"standard_error":284990228.1848293},"median_abs_dev":{"confidence_interval":{"confidence_level":0.95,"lower_bound":47602113.11849356,"upper_bound":851192087.8691196},"point_estimate":365718645.74109614,"standard_error":237356072.50261176},"slope":null,"std_dev":{"confidence_interval":{"confidence_level":0.95,"lower_bound":298206830.17254084,"upper_bound":646668273.2840713},"point_estimate":544020413.5558076,"standard_error":89059155.6461032}}