{"mean":{"confidence_interval":{"confidence_level":0.95,"lower_bound":2540225.2518500015,"upper_bound":2550955.8743249997},"point_estimate":2544853.127000001,"standard_error":2766.656077702768},"median":{"confidence_interval":{"confidence_level":0.95,"lower_bound":2537166.0999999996,"upper_bound":2539708.45},"point_estimate":2538200.975,"standard_error":669.4330968026476},"median_abs_dev":{"confidence_interval":{"confidence_level":0.95,"lower_bound":4420.408886522262,"upper_bound":8049.146452099361},"point_estimate":5891.592840403249,"standard_error":996.8913042001064},"slope":null,"std_dev":{"confidence_interval":{"confidence_level":0.95,"lower_bound":9774.24252123254,"upper_bound":41748.025798900875},"point_estimate":27750.028443162624,"standard_error":8460.565801206698}}