{"mean":{"confidence_interval":{"confidence_level":0.95,"lower_bound":20424010872.4,"upper_bound":22045453454.269997},"point_estimate":21188378992.8,"standard_error":418711374.4824699},"median":{"confidence_interval":{"confidence_level":0.95,"lower_bound":20055100241.5,"upper_bound":22368742754.5},"point_estimate":20698407088.0,"standard_error":576084311.5602891},"median_abs_dev":{"confidence_interval":{"confidence_level":0.95,"lower_bound":282662771.0410327,"upper_bound":2269320522.661507},"point_estimate":1262874817.6454902,"standard_error":546260798.0477433},"slope":null,"std_dev":{"confidence_interval":{"confidence_level":0.95,"lower_bound":660651503.593913,"upper_bound":1714499890.9948552},"point_estimate":1395319589.9439332,"standard_error":264574356.7422324}}