{"mean":{"confidence_interval":{"confidence_level":0.95,"lower_bound":3487884.1634333353,"upper_bound":3503595.8952666675},"point_estimate":3494855.104,"standard_error":4039.419430385192},"median":{"confidence_interval":{"confidence_level":0.95,"lower_bound":3482008.2,"upper_bound":3484590.4},"point_estimate":3483635.966666667,"standard_error":631.7789729482961},"median_abs_dev":{"confidence_interval":{"confidence_level":0.95,"lower_bound":4039.9860882759326,"upper_bound":7236.1751115319585},"point_estimate":5732.373958230387,"standard_error":794.2544792650444},"slope":null,"std_dev":{"confidence_interval":{"confidence_level":0.95,"lower_bound":17395.68032939823,"upper_bound":59251.873989197535},"point_estimate":40672.54480324774,"standard_error":10791.994440546918}}