{"mean":{"confidence_interval":{"confidence_level":0.95,"lower_bound":2062103.9546602303,"upper_bound":2366106.032865854},"point_estimate":2174788.318177507,"standard_error":87941.57861174602},"median":{"confidence_interval":{"confidence_level":0.95,"lower_bound":2053909.31300813,"upper_bound":2162362.563414634},"point_estimate":2062375.898780488,"standard_error":35028.85024662853},"median_abs_dev":{"confidence_interval":{"confidence_level":0.95,"lower_bound":3793.9823728874317,"upper_bound":136249.549903648},"point_estimate":21155.943750626357,"standard_error":40698.79965324924},"slope":{"confidence_interval":{"confidence_level":0.95,"lower_bound":2062997.8478218964,"upper_bound":2569131.129783859},"point_estimate":2257089.152043079,"standard_error":139250.91346630073},"std_dev":{"confidence_interval":{"confidence_level":0.95,"lower_bound":12280.864136465747,"upper_bound":447884.14309908944},"point_estimate":292023.8588483261,"standard_error":146876.18320502058}}