{"mean":{"confidence_interval":{"confidence_level":0.95,"lower_bound":51788873.95375,"upper_bound":52083466.059},"point_estimate":51928364.45,"standard_error":75282.31487535151},"median":{"confidence_interval":{"confidence_level":0.95,"lower_bound":51636940.0,"upper_bound":51811920.0},"point_estimate":51731908.0,"standard_error":46342.84590863012},"median_abs_dev":{"confidence_interval":{"confidence_level":0.95,"lower_bound":290286.40314638615,"upper_bound":493166.8661445379},"point_estimate":371583.2901030779,"standard_error":49366.04759629835},"slope":null,"std_dev":{"confidence_interval":{"confidence_level":0.95,"lower_bound":525865.3085202154,"upper_bound":949425.7722973882},"point_estimate":759411.5639161834,"standard_error":108216.9785996312}}