{"mean":{"confidence_interval":{"confidence_level":0.95,"lower_bound":28839925.578874998,"upper_bound":28986564.886125},"point_estimate":28908548.665,"standard_error":37621.87040148474},"median":{"confidence_interval":{"confidence_level":0.95,"lower_bound":28775358.5,"upper_bound":28830656.0},"point_estimate":28795516.5,"standard_error":13199.347737374419},"median_abs_dev":{"confidence_interval":{"confidence_level":0.95,"lower_bound":86627.57516205311,"upper_bound":145933.05670917034},"point_estimate":114606.83121532202,"standard_error":15362.759634682829},"slope":null,"std_dev":{"confidence_interval":{"confidence_level":0.95,"lower_bound":243503.7128022049,"upper_bound":492435.9582781583},"point_estimate":378387.02701349504,"standard_error":63566.30188714962}}