{"mean":{"confidence_interval":{"confidence_level":0.95,"lower_bound":113614318494.9675,"upper_bound":128202056781.3625},"point_estimate":120880637325.2,"standard_error":3739110883.547427},"median":{"confidence_interval":{"confidence_level":0.95,"lower_bound":111738615587.5,"upper_bound":129572671903.0},"point_estimate":119748317347.5,"standard_error":5332849131.31853},"median_abs_dev":{"confidence_interval":{"confidence_level":0.95,"lower_bound":791070119.242698,"upper_bound":20929585223.422684},"point_estimate":13169669464.69583,"standard_error":5236443106.606817},"slope":null,"std_dev":{"confidence_interval":{"confidence_level":0.95,"lower_bound":6747421017.968401,"upper_bound":16160797112.851454},"point_estimate":12428024873.397266,"standard_error":2406745897.158784}}